{
  "overall_score": 0.3973684210526312,
  "average_words_per_page": 343.9868421052632,
  "pages_with_tables": 14,
  "pages_with_figures": 0,
  "table_coverage": 0.18421052631578946,
  "figure_coverage": 0.0
}