{
  "overall_score": 0.5388732394366191,
  "average_words_per_page": 471.17464788732394,
  "pages_with_tables": 274,
  "pages_with_figures": 47,
  "table_coverage": 0.7718309859154929,
  "figure_coverage": 0.1323943661971831
}