{
  "overall_score": 0.4272727272727272,
  "average_words_per_page": 389.1818181818182,
  "pages_with_tables": 5,
  "pages_with_figures": 0,
  "table_coverage": 0.45454545454545453,
  "figure_coverage": 0.0
}