{
  "overall_score": 0.4765748031496054,
  "average_words_per_page": 307.83858267716533,
  "pages_with_tables": 410,
  "pages_with_figures": 44,
  "table_coverage": 0.8070866141732284,
  "figure_coverage": 0.08661417322834646
}