{
  "overall_score": 0.40068965517241334,
  "average_words_per_page": 299.5241379310345,
  "pages_with_tables": 37,
  "pages_with_figures": 0,
  "table_coverage": 0.25517241379310346,
  "figure_coverage": 0.0
}