{
  "overall_score": 0.2222222222222222,
  "average_words_per_page": 76.91666666666667,
  "pages_with_tables": 21,
  "pages_with_figures": 0,
  "table_coverage": 0.5833333333333334,
  "figure_coverage": 0.0
}