{
  "overall_score": 0.37512953367875623,
  "average_words_per_page": 263.3056994818653,
  "pages_with_tables": 6,
  "pages_with_figures": 0,
  "table_coverage": 0.031088082901554404,
  "figure_coverage": 0.0
}