{
  "overall_score": 0.3866666666666668,
  "average_words_per_page": 373.6,
  "pages_with_tables": 2,
  "pages_with_figures": 0,
  "table_coverage": 0.06666666666666667,
  "figure_coverage": 0.0
}