{
  "overall_score": 0.4692953020134226,
  "average_words_per_page": 306.3255033557047,
  "pages_with_tables": 457,
  "pages_with_figures": 61,
  "table_coverage": 0.7667785234899329,
  "figure_coverage": 0.10234899328859061
}