{
  "overall_score": 0.5496894409937882,
  "average_words_per_page": 521.8385093167702,
  "pages_with_tables": 231,
  "pages_with_figures": 45,
  "table_coverage": 0.717391304347826,
  "figure_coverage": 0.13975155279503104
}