{
  "overall_score": 0.4928057553956838,
  "average_words_per_page": 449.2589928057554,
  "pages_with_tables": 47,
  "pages_with_figures": 0,
  "table_coverage": 0.3381294964028777,
  "figure_coverage": 0.0
}