{
  "overall_score": 0.5385167464114824,
  "average_words_per_page": 483.13157894736844,
  "pages_with_tables": 316,
  "pages_with_figures": 54,
  "table_coverage": 0.7559808612440191,
  "figure_coverage": 0.1291866028708134
}