{
  "overall_score": 0.42857142857142866,
  "average_words_per_page": 429.6,
  "pages_with_tables": 1,
  "pages_with_figures": 0,
  "table_coverage": 0.02857142857142857,
  "figure_coverage": 0.0
}