{
  "overall_score": 0.37037037037037057,
  "average_words_per_page": 285.48148148148147,
  "pages_with_tables": 5,
  "pages_with_figures": 0,
  "table_coverage": 0.18518518518518517,
  "figure_coverage": 0.0
}