{
  "overall_score": 0.5465346534653467,
  "average_words_per_page": 508.2013201320132,
  "pages_with_tables": 220,
  "pages_with_figures": 33,
  "table_coverage": 0.7260726072607261,
  "figure_coverage": 0.10891089108910891
}