{
  "overall_score": 0.5363363363363364,
  "average_words_per_page": 463.6936936936937,
  "pages_with_tables": 250,
  "pages_with_figures": 50,
  "table_coverage": 0.7507507507507507,
  "figure_coverage": 0.15015015015015015
}