{
  "overall_score": 0.519859813084111,
  "average_words_per_page": 461.64719626168227,
  "pages_with_tables": 303,
  "pages_with_figures": 34,
  "table_coverage": 0.7079439252336449,
  "figure_coverage": 0.0794392523364486
}