{
  "overall_score": 0.5474926253687314,
  "average_words_per_page": 486.64306784660766,
  "pages_with_tables": 249,
  "pages_with_figures": 39,
  "table_coverage": 0.7345132743362832,
  "figure_coverage": 0.11504424778761062
}